Date,Category,News_Tone,Surprise,Headline,Context
2004-05-13,Central Election,Negative,Yes,GE 2004 results: NDA loses,"'India Shining' NDA lost unexpectedly; Left-backed UPA formed government. Fear of Left influence on reforms led to the 17-May 'Black Monday' crash with trading halted twice."
2009-05-16,Central Election,Positive,Yes,GE 2009 results: UPA wins without Left,"UPA won a stronger-than-expected mandate without needing Left support. On Monday 18-May the market hit the upper circuit twice and trading closed for the day."
2014-05-16,Central Election,Positive,Partly,GE 2014 results: BJP majority,"First single-party majority in 30 years. Exit polls had predicted an NDA win, so much of the rally happened before results; the size of the majority was a positive surprise."
2019-05-23,Central Election,Positive,No,GE 2019 results: NDA re-elected bigger,"NDA re-elected with a larger majority; largely priced in after the exit-poll rally of 20-May."
2024-06-04,Central Election,Negative,Yes,GE 2024 results: BJP short of majority,"Exit polls predicted a landslide; BJP won 240 seats and needed allies. Nifty fell sharply on results day and recovered within days once the NDA government was confirmed."
2019-05-20,Exit Poll,Positive,No,GE 2019 exit polls predict NDA win,"Exit polls released on Sunday 19-May predicted an NDA majority; big relief rally on Monday."
2024-06-03,Exit Poll,Positive,No,GE 2024 exit polls predict landslide,"Exit polls on 1-June predicted 350+ seats for NDA; record-high rally on Monday 3-June, reversed next day on actual results."
2007-12-23,State Election,Positive,No,Gujarat 2007: BJP retains,"BJP retained Gujarat. Result declared on a Sunday; reaction on next trading day."
2012-03-06,State Election,Negative,Partly,UP 2012: SP wins; Congress weak,"Samajwadi Party won UP; poor show by the ruling Congress raised concerns about reform momentum at the Centre."
2013-12-08,State Election,Positive,No,Delhi/Raj/MP/Chh 2013: BJP wins 3 of 4,"Seen as a semi-final before GE 2014; BJP wins boosted 'Modi rally' expectations. Results on a Sunday."
2015-02-10,State Election,Negative,Yes,Delhi 2015: AAP sweep,"AAP won 67 of 70 seats; BJP defeat seen as a dent to the central government's momentum."
2015-11-08,State Election,Negative,Yes,Bihar 2015: BJP alliance loses,"Mahagathbandhan defeated the BJP-led alliance; concern about reform bills in Rajya Sabha. Results on a Sunday."
2017-03-11,State Election,Positive,Partly,UP 2017: BJP landslide,"BJP won over 300 seats in UP; strengthened reform expectations. Results on Saturday; Monday was a Holi holiday."
2017-12-18,State Election,Positive,No,Gujarat/HP 2017: BJP retains,"Early counting showed a close fight and the market fell sharply in the morning, then recovered as BJP pulled ahead."
2018-05-15,State Election,Negative,Partly,Karnataka 2018: hung assembly,"BJP single largest but short of majority; Congress-JD(S) later formed the government."
2018-12-11,State Election,Negative,Partly,MP/Raj/Chh 2018: BJP loses three states,"Congress won three Hindi-belt states; same week as RBI Governor Urjit Patel's resignation."
2021-05-02,State Election,Negative,No,West Bengal 2021: TMC wins,"TMC retained Bengal against a strong BJP push; results on a Sunday during the COVID second wave."
2022-03-10,State Election,Positive,No,UP 2022: BJP retains,"BJP retained UP, AAP won Punjab; policy continuity seen ahead of GE 2024."
2022-12-08,State Election,Positive,No,Gujarat/HP 2022,"BJP won a record majority in Gujarat; Congress won Himachal Pradesh."
2023-05-13,State Election,Negative,No,Karnataka 2023: Congress wins,"Congress won Karnataka with a clear majority. Results on a Saturday."
2023-12-03,State Election,Positive,Yes,MP/Raj/Chh 2023: BJP sweep,"BJP won all three Hindi-belt states, more than expected; strong rally on Monday 4-Dec. Results on a Sunday."
2024-10-08,State Election,Positive,Yes,Haryana 2024: BJP surprise win,"Exit polls predicted a Congress win; BJP won a third term."
2024-11-23,State Election,Positive,Yes,Maharashtra 2024: Mahayuti landslide,"Ruling alliance won a large majority; strong rally on Monday 25-Nov. Results on a Saturday."
2025-02-08,State Election,Positive,No,Delhi 2025: BJP wins,"BJP won Delhi after 27 years. Results on a Saturday."
2025-11-14,State Election,Positive,Partly,Bihar 2025: NDA landslide,"NDA won a large majority in Bihar."
2004-02-03,Interim Budget,Neutral,No,Interim Budget 2004,"Vote-on-account before GE 2004."
2004-07-08,Union Budget,Mixed,No,Union Budget 2004-05,"First UPA budget; introduced Securities Transaction Tax (STT)."
2005-02-28,Union Budget,Neutral,No,Union Budget 2005-06,"Union Budget FY06."
2006-02-28,Union Budget,Neutral,No,Union Budget 2006-07,"Union Budget FY07."
2007-02-28,Union Budget,Neutral,No,Union Budget 2007-08,"Union Budget FY08."
2008-02-29,Union Budget,Positive,No,Union Budget 2008-09,"Farm loan waiver announced ahead of GE 2009."
2009-02-16,Interim Budget,Negative,Partly,Interim Budget 2009,"Vote-on-account during the global financial crisis; no fresh stimulus disappointed markets."
2009-07-06,Union Budget,Negative,Yes,Union Budget 2009-10,"First budget of UPA-II; no clear disinvestment roadmap and a high fiscal deficit disappointed markets."
2010-02-26,Union Budget,Neutral,No,Union Budget 2010-11,"Union Budget FY11."
2011-02-28,Union Budget,Neutral,No,Union Budget 2011-12,"Union Budget FY12."
2012-03-16,Union Budget,Negative,Partly,Union Budget 2012-13,"Introduced GAAR and retrospective tax amendment (Vodafone) that worried foreign investors."
2013-02-28,Union Budget,Negative,No,Union Budget 2013-14,"Union Budget FY14."
2014-02-17,Interim Budget,Neutral,No,Interim Budget 2014,"Vote-on-account before GE 2014."
2014-07-10,Union Budget,Neutral,No,Union Budget 2014-15,"First budget of the new NDA government."
2015-02-28,Union Budget,Positive,No,Union Budget 2015-16,"Presented on a Saturday with a special trading session; GAAR deferred."
2016-02-29,Union Budget,Positive,No,Union Budget 2016-17,"Fiscal deficit target retained; relief rally."
2017-02-01,Union Budget,Positive,No,Union Budget 2017-18,"First budget presented on 1-Feb; post-demonetisation."
2018-02-01,Union Budget,Negative,Partly,Union Budget 2018-19,"Long-term capital gains (LTCG) tax on equity reintroduced; sharp fall the next day."
2019-02-01,Interim Budget,Positive,No,Interim Budget 2019,"Income support scheme for farmers (PM-KISAN) ahead of GE 2019."
2019-07-05,Union Budget,Negative,Yes,Union Budget 2019-20,"Higher surcharge on super-rich that also hit FPIs; proposal to raise minimum public shareholding."
2020-02-01,Union Budget,Negative,Partly,Union Budget 2020-21,"Presented on a Saturday with a special trading session; new optional tax regime; markets fell sharply."
2021-02-01,Union Budget,Positive,Yes,Union Budget 2021-22,"Capex push, bank recapitalisation and no COVID tax; one of the best budget-day rallies."
2022-02-01,Union Budget,Positive,No,Union Budget 2022-23,"Big capex increase."
2023-02-01,Union Budget,Mixed,No,Union Budget 2023-24,"Capex push; same week as the Adani-Hindenburg sell-off."
2024-02-01,Interim Budget,Neutral,No,Interim Budget 2024,"Vote-on-account before GE 2024; fiscal deficit target lowered."
2024-07-23,Union Budget,Negative,Partly,Union Budget 2024-25,"STT on F&O raised; LTCG raised to 12.5% and STCG to 20%."
2025-02-01,Union Budget,Positive,No,Union Budget 2025-26,"No income tax up to Rs 12 lakh under the new regime (consumption push). Presented on a Saturday with a special trading session."
2026-02-01,Union Budget,Mixed,No,Union Budget 2026-27,"Presented on a Sunday. Please verify market reaction and add notes."
2008-06-11,RBI Rate Hike,Negative,No,RBI hikes repo to 8.00%,"Inflation-fighting hike as crude oil surged."
2008-06-24,RBI Rate Hike,Negative,Yes,RBI hikes repo to 8.50%,"Unscheduled 50 bps hike; inflation above 11%."
2008-07-29,RBI Rate Hike,Negative,Partly,RBI hikes repo to 9.00%,"Third hike in two months."
2008-10-20,RBI Rate Cut,Positive,Yes,RBI emergency cut to 8.00%,"Emergency cut after the Lehman collapse."
2008-11-03,RBI Rate Cut,Positive,Yes,RBI cuts repo to 7.50%,"Crisis easing."
2008-12-08,RBI Rate Cut,Positive,Partly,RBI cuts repo to 6.50%,"Crisis easing, 100 bps."
2009-01-02,RBI Rate Cut,Positive,Partly,RBI cuts repo to 5.50%,"Crisis easing, 100 bps."
2009-03-04,RBI Rate Cut,Positive,Partly,RBI cuts repo to 5.00%,"Crisis easing."
2009-04-21,RBI Rate Cut,Positive,No,RBI cuts repo to 4.75%,"Last cut of the crisis cycle."
2010-03-19,RBI Rate Hike,Negative,Yes,RBI hikes repo to 5.00%,"Off-cycle hike beginning the 2010-11 tightening cycle."
2010-04-20,RBI Rate Hike,Negative,No,RBI hikes repo to 5.25%,"Tightening cycle."
2010-07-02,RBI Rate Hike,Negative,Yes,RBI hikes repo to 5.50%,"Off-cycle hike."
2010-07-27,RBI Rate Hike,Negative,No,RBI hikes repo to 5.75%,"Tightening cycle."
2010-09-16,RBI Rate Hike,Negative,No,RBI hikes repo to 6.00%,"Tightening cycle."
2010-11-02,RBI Rate Hike,Negative,No,RBI hikes repo to 6.25%,"Tightening cycle."
2011-01-25,RBI Rate Hike,Negative,No,RBI hikes repo to 6.50%,"Tightening cycle."
2011-03-17,RBI Rate Hike,Negative,No,RBI hikes repo to 6.75%,"Tightening cycle."
2011-05-03,RBI Rate Hike,Negative,Yes,RBI hikes repo to 7.25%,"50 bps hike, bigger than expected."
2011-06-16,RBI Rate Hike,Negative,No,RBI hikes repo to 7.50%,"Tightening cycle."
2011-07-26,RBI Rate Hike,Negative,Yes,RBI hikes repo to 8.00%,"50 bps hike, bigger than expected."
2011-09-16,RBI Rate Hike,Negative,No,RBI hikes repo to 8.25%,"Tightening cycle."
2011-10-25,RBI Rate Hike,Negative,No,RBI hikes repo to 8.50%,"Last hike of the cycle; RBI signalled a pause."
2012-04-17,RBI Rate Cut,Positive,Yes,RBI cuts repo to 8.00%,"50 bps cut, bigger than expected."
2013-01-29,RBI Rate Cut,Positive,No,RBI cuts repo to 7.75%,"Easing."
2013-03-19,RBI Rate Cut,Positive,No,RBI cuts repo to 7.50%,"Easing."
2013-05-03,RBI Rate Cut,Positive,No,RBI cuts repo to 7.25%,"Easing; taper tantrum began weeks later."
2013-09-20,RBI Rate Hike,Negative,Yes,RBI hikes repo to 7.50% (Rajan's first policy),"Markets expected no change; surprise hike to defend the rupee."
2013-10-29,RBI Rate Hike,Negative,No,RBI hikes repo to 7.75%,"Inflation-fighting hike."
2014-01-28,RBI Rate Hike,Negative,Yes,RBI hikes repo to 8.00%,"Surprise hike after the Urjit Patel committee report on inflation targeting."
2015-01-15,RBI Rate Cut,Positive,Yes,RBI surprise cut to 7.75%,"Inter-meeting cut, first of the cycle; big rally."
2015-03-04,RBI Rate Cut,Positive,Yes,RBI surprise cut to 7.50%,"Second inter-meeting cut."
2015-06-02,RBI Rate Cut,Mixed,No,RBI cuts repo to 7.25%,"Cut expected; cautious guidance disappointed markets."
2015-09-29,RBI Rate Cut,Positive,Yes,RBI cuts repo to 6.75%,"50 bps cut, bigger than the expected 25 bps."
2016-04-05,RBI Rate Cut,Mixed,No,RBI cuts repo to 6.50%,"Cut expected; market fell on guidance."
2016-10-04,RBI Rate Cut,Positive,Yes,RBI cuts repo to 6.25%,"First MPC meeting under Urjit Patel; surprise cut."
2017-08-02,RBI Rate Cut,Positive,No,RBI cuts repo to 6.00%,"Expected cut."
2018-06-06,RBI Rate Hike,Negative,Partly,RBI hikes repo to 6.25%,"First hike in over four years."
2018-08-01,RBI Rate Hike,Negative,No,RBI hikes repo to 6.50%,"Second hike."
2019-02-07,RBI Rate Cut,Positive,Yes,RBI cuts repo to 6.25%,"Shaktikanta Das's first policy; surprise cut and stance changed to neutral."
2019-04-04,RBI Rate Cut,Positive,No,RBI cuts repo to 6.00%,"Expected cut."
2019-06-06,RBI Rate Cut,Positive,No,RBI cuts repo to 5.75%,"Expected cut; stance changed to accommodative."
2019-08-07,RBI Rate Cut,Positive,Partly,RBI cuts repo to 5.40%,"Unusual 35 bps cut."
2019-10-04,RBI Rate Cut,Positive,No,RBI cuts repo to 5.15%,"Expected cut; growth forecast lowered sharply."
2019-12-05,RBI Pause,Negative,Yes,RBI surprise pause at 5.15%,"Market expected a cut; RBI held rates as inflation rose."
2020-03-27,RBI Rate Cut,Positive,Yes,RBI emergency cut to 4.40%,"75 bps inter-meeting cut during the COVID lockdown."
2020-05-22,RBI Rate Cut,Positive,Yes,RBI emergency cut to 4.00%,"40 bps inter-meeting cut."
2022-05-04,RBI Rate Hike,Negative,Yes,RBI off-cycle hike to 4.40%,"Unscheduled 40 bps hike plus a CRR hike; sharp sell-off."
2022-06-08,RBI Rate Hike,Negative,No,RBI hikes repo to 4.90%,"Tightening cycle."
2022-08-05,RBI Rate Hike,Negative,No,RBI hikes repo to 5.40%,"Tightening cycle."
2022-09-30,RBI Rate Hike,Negative,No,RBI hikes repo to 5.90%,"Tightening cycle."
2022-12-07,RBI Rate Hike,Negative,No,RBI hikes repo to 6.25%,"Tightening cycle."
2023-02-08,RBI Rate Hike,Negative,No,RBI hikes repo to 6.50%,"Last hike of the cycle."
2023-04-06,RBI Pause,Positive,Yes,RBI surprise pause at 6.50%,"Market expected a 25 bps hike; RBI paused."
2025-02-07,RBI Rate Cut,Positive,No,RBI cuts repo to 6.25%,"Sanjay Malhotra's first policy; first cut in about five years."
2025-04-09,RBI Rate Cut,Positive,No,RBI cuts repo to 6.00%,"Expected cut amid US tariff turmoil."
2025-06-06,RBI Rate Cut,Positive,Yes,RBI jumbo cut to 5.50%,"50 bps cut plus a 100 bps CRR cut, both bigger than expected; strong rally in banks and realty."
2025-12-05,RBI Rate Cut,Positive,Partly,RBI cuts repo to 5.25%,"Cut amid low inflation. Please verify."
2008-01-21,Global Shock,Negative,Yes,Global sell-off January 2008,"US recession fears; Sensex fell sharply on 21-Jan and hit the lower circuit on 22-Jan. Start of the 2008 bear market."
2008-09-15,Global Shock,Negative,Yes,Lehman Brothers collapse,"Lehman filed for bankruptcy; global financial crisis intensified."
2013-05-23,Global Shock,Negative,Yes,US Fed taper hint (taper tantrum),"Bernanke hinted at tapering bond purchases on 22-May; FIIs pulled money from emerging markets; rupee crisis followed."
2015-08-24,Global Shock,Negative,Yes,China Black Monday,"Yuan devaluation and Chinese market crash triggered a global sell-off."
2016-06-24,Global Shock,Negative,Yes,Brexit referendum result,"UK voted to leave the EU."
2018-09-21,Domestic Shock,Negative,Yes,IL&FS/DHFL crash,"IL&FS defaults and the DHFL intraday crash triggered an NBFC liquidity crisis."
2020-03-12,Global Shock,Negative,Yes,COVID Black Thursday,"WHO declared a pandemic; Sensex fell about 8% in one day."
2020-03-23,Global Shock,Negative,Yes,COVID lockdown crash,"Biggest single-day fall in Sensex history; national lockdown announced on 24-Mar. Near the market bottom."
2020-11-10,Global Shock,Positive,Yes,Pfizer vaccine news,"Pfizer announced about 90% vaccine efficacy on 9-Nov (US time); strong global rally."
2022-02-24,Geopolitical,Negative,Yes,Russia invades Ukraine,"Brent above $100; sharp global sell-off."
2023-01-25,Domestic Shock,Negative,Yes,Hindenburg report on Adani group,"Short-seller report triggered a crash in Adani group stocks and banks' exposure fears."
2024-08-05,Global Shock,Negative,Yes,Yen carry-trade unwind,"Bank of Japan hike plus weak US jobs data led to a global crash on 5-Aug."
2025-04-07,Global Shock,Negative,Yes,US 'Liberation Day' tariff crash,"US reciprocal tariffs announced on 2-Apr; global crash on Monday 7-Apr."
2016-09-29,Geopolitical,Negative,Yes,Surgical strikes across LoC,"Indian Army announced surgical strikes during market hours."
2019-02-26,Geopolitical,Negative,Yes,Balakot air strike,"Indian Air Force strike in Pakistan after the Pulwama attack."
2025-05-07,Geopolitical,Negative,Partly,Operation Sindoor,"Indian strikes on terror camps in Pakistan after the Pahalgam attack."
2025-05-12,Geopolitical,Positive,Yes,India-Pakistan ceasefire,"Ceasefire announced on 10-May; one of the biggest single-day rallies."
2016-11-09,Policy Shock,Negative,Yes,Demonetisation (and Trump win),"Rs 500/1000 notes demonetised on the evening of 8-Nov; US election result on the same day."
2019-09-20,Policy Shock,Positive,Yes,Corporate tax cut,"Corporate tax rate cut to about 25%; biggest one-day rally in a decade."
2017-07-03,Policy Shock,Neutral,No,GST rollout,"Goods and Services Tax launched at midnight on 1-Jul."
