Date,FII_Net_Cr,DII_Net_Cr,PCR_Nifty,India_VIX
2026-06-08,-5555.67,5165.24,0.78,17.03
2026-06-09,-4566.03,6159.48,1.02,15.58
2026-06-10,-2124.98,3123.95,1.06,15.63
2026-06-11,-1987.09,4224.51,1.06,15.61
2026-06-12,-1082.18,5341.29,1.41,14.72
2026-06-15,200.05,3189.26,1.13,14.35
2026-06-16,-749.18,0.06,1.13,13.36
2026-06-17,101.59,1561.4,1.13,13.19
2026-06-18,-1025.2,3516.81,1.02,12.67
2026-06-19,4859.07,-1159.64,1.02,12.97
2026-06-22,-635.91,1035.72,0.876,12.84
2026-06-23,17.86,680.21,1.11,12.84
2026-06-24,1843.4,3637.26,1.12,13.94
2026-06-25,383.76,5747.75,1.2,13.05
2026-06-29,-1350.1,2801.45,0.76.,13.61
2026-06-30,-2556.75,6842.34,0.78,14.7
2026-07-01,-1140.5,3159.24,0.8,13.2
2026-07-02,-311.82,1784.4,0.79,12.29
2026-07-03,1355.33,-1953.89,0.99,11.8
2026-07-06,243.03,3791.42,1.48,11.82
2026-07-07,467.83,-248.72,0.91,11.65
2026-07-08,1365.12,909.14,0.605,14.68
2026-07-09,-532.86,2057.79,0.81,13.36
2026-07-10,2847.69,1596.04,0.94,12.33
2026-07-13,-3395.8,2354.58,1.62,13.28
2026-07-14,-739.69,2927.71,1.01,13.75
2026-07-15,-619.24,286.22,0.77,13.27
2026-07-16,-3447.18,2366.88,0.82,12.88
2026-07-17,218.85,504.32,1.62,13.15
2026-07-20,-1121.04,1312.03,1.61,13.53
2026-07-21,1577.53,-622,0.91,12.98
2026-07-22,-819.2,-418.26,0.79,12.2
2026-07-23,-2999.23,2947.14,0.79,13.47
2026-07-24,-3892,5453.55,0.83,14.03
2026-07-27,-1668.23,2329.14,1.11,12.56
2026-07-28,755.33,1664,1.22,12.56
2026-07-29,1357.37,863.19,1.22,12.23
2026-07-30,3088,-1610,1.29,12.15
2026-07-31,185.52,1928.15,1.48,11.76
2026-08-03,922.26,1571.18,0.72,13.5
2026-08-04,2446.47,-936.14,0.72,13.4
2026-08-05,-1109.35,3185.58,0.68,13.2
2026-08-06,-17.86,4013.6,1..04,12.16
2026-08-07,480.24,235.56,0.89,12.16
2026-08-10,1974.76,1290.29,1.12,12.25
2026-08-11,258.55,24.77,1.03,11.86
2026-08-12,-817.02,4322.12,0.85,11.69
2026-08-13,-510.69,4353.09,0.92,11.42
2026-08-14,508.12,356.4,0.94,11.31
2026-08-17,-2535.1,5101.46,0.98,11.33
2026-08-18,1651.53,2579.31,0.91,11.39
2026-08-19,407.99,3973.72,0.89,11.32
2026-08-20,-583.36,3537.71,1.09,10.76
2026-08-21,-542.71,2124.14,1.08,11.19
2026-08-24,1181,2493,1.11,11.2
2026-08-25,1598,496,1.08,11.2
2026-08-26,2451,2563,0.73,10.56
2026-08-27,-1712.33,1512,0.86,11.07
2026-08-28,-5039.8,5183.93,0.89,10.68
2026-08-31,-7985.88,4588.88,0.89,11.19
2026-09-01,-2254,3962,0.91,11.42
2026-09-02,6688.37,2812.98,0.87,11.59
2026-09-03,-2345.87,4977.46,1.13,11.34
2026-09-04,-3111.94,8930.12,0.92,10.68
2026-09-07,-3111.94,8930.12,0.92,11.16
2026-09-08,-123.19,1349.64,0.61,11.16
2026-09-09,-582.99,1509.04,0.59,11.92
2026-09-10,-438.24,1025.85,0.8,11.75
2026-09-11,-930.9,1968.17,1.05,12.29
2026-09-15,-2977.86,2686.05,0.53,13.43
2026-09-16,-1751.18,3534.66,0.97,13.17
2026-09-17,-3208.76,3617.7,0.99,12.29
2026-09-18,599.54,1019,0.81,11.38
2026-09-21,-576,2797.27,0.94,11.22
2026-09-22,-3809.99,4120.07,0.86,11
2026-09-23,627.39,1587.41,0.91,10.35
2026-09-24,-5027.36,4301.18,0.73,12.69
2026-09-25,-3693.93,2838.17,0.93,12.16
2026-09-28,-5353.22,5189.02,0.62,13.64
2026-09-29,-9980.22,6952.71,0.99,13.34
2026-09-30,-10148.41,11271.13,0.65,13.49
2026-10-01,-9484.22,10041.84,0.68,14.46
