NSE_Code,Name,Industry,Cap
ABB,A B B,Electric Equipment,Large Cap
ABBOTINDIA,Abbott India,Pharma and Health,Mid Cap
ABFRL,Aditya Bir. Fas.,Retail,Mid Cap
ABREL,A B Real Estate,Cement,Small Cap
ACC,ACC,Cement,Mid Cap
ADANIENSOL,Adani Energy Sol,Power,Large Cap
ADANIPORTS,Adani Ports,Miscellaneous,Large Cap
ADANIPOWER,Adani Power,Power,Large Cap
AJANTPHARM,Ajanta Pharma,Pharma and Health,Small Cap
ALKEM,Alkem Lab,Pharma and Health,Mid Cap
ALLCARGO,Allcargo Logist.,Service,Small Cap
AMBER,Amber Enterp.,Consumer Durables,Small Cap
AMBUJACEM,Ambuja Cements,Cement,Large Cap
APOLLOHOSP,Apollo Hospitals,Pharma and Health,Mid Cap
APTECHT,Aptech,IT,Small Cap
ARE&M,Amara Raja Ener.,Auto Ancillaries,Small Cap
ASHOKLEY,Ashok Leyland,Auto,Mid Cap
ASIANPAINT,Asian Paints,Paints&Pigments,Large Cap
ASTERDM,Aster DM Health.,Pharma and Health,Mid Cap
AUBANK,AU Small Finance,Finance,Mid Cap
AUROPHARMA,Aurobindo Pharma,Pharma and Health,Mid Cap
AURUM,Aurum Proptech,IT,Small Cap
AXISBANK,Axis Bank,Banks,Large Cap
BAJAJ-AUTO,Bajaj Auto,Auto,Large Cap
BAJAJFINSV,Bajaj Finserv,Finance,Large Cap
BAJAJHLDNG,Bajaj Holdings,Finance,Large Cap
BAJFINANCE,Bajaj Finance,Finance,Large Cap
BALKRISIND,Balkrishna Inds,Tyres,Mid Cap
BALRAMCHIN,Balrampur Chini,Sugar,Small Cap
BANDHANBNK,Bandhan Bank,Banks,Mid Cap
BANKBARODA,Bank of Baroda,Banks,Large Cap
BANKINDIA,Bank of India,Banks,Mid Cap
BATAINDIA,Bata India,Leather,Mid Cap
BERGEPAINT,Berger Paints,Paints&Pigments,Mid Cap
BHARTIARTL,Bharti Airtel,Telecommuni,Large Cap
BIOCON,Biocon,Pharma and Health,Large Cap
BLUESTARCO,Blue Star,Consumer Durables,Mid Cap
BOSCHLTD,Bosch,Auto Ancillaries,Large Cap
BPCL,B P C L,Petroleum,Large Cap
BRITANNIA,Britannia Inds.,Food Processing,Large Cap
BSE,BSE,Finance,Mid Cap
CANFINHOME,Can Fin Homes,Finance,Small Cap
CARERATING,CARE Ratings,Service,Mid Cap
CASTROLIND,Castrol India,Petrochemicals,Small Cap
CEATLTD,CEAT,Tyres,Small Cap
CENTEXT,Century Extrus.,Metals-NonFerrous,Small Cap
CESC,CESC,Power,Small Cap
CHOLAFIN,Cholaman.Inv.&Fn,Finance,Large Cap
COFORGE,Coforge,IT,Mid Cap
COLPAL,Colgate-Palmoliv,Personal Care,Mid Cap
CONCOR,Container Corpn.,Transport,Mid Cap
COROMANDEL,Coromandel Inter,Fertilisers,Mid Cap
CUMMINSIND,Cummins India,Engineering,Large Cap
DABUR,Dabur India,Personal Care,Large Cap
DALBHARAT,Dalmia BharatLtd,Cement,Large Cap
DCMSHRIRAM,DCM Shriram,Miscellaneous,Mid Cap
DIVISLAB,Divi's Lab.,Pharma and Health,Large Cap
DMART,Avenue Super.,Retail,Large Cap
DRREDDY,Dr Reddy's Labs,Pharma and Health,Large Cap
EICHERMOT,Eicher Motors,Auto,Large Cap
EIDPARRY,EID Parry,Sugar,Small Cap
EMAMILTD,Emami,Personal Care,Small Cap
ENDURANCE,Endurance Tech.,Auto Ancillaries,Mid Cap
ESCORTS,Escorts Kubota,Auto,Mid Cap
EXIDEIND,Exide Inds.,Auto Ancillaries,Mid Cap
FEDERALBNK,Federal Bank,Banks,Mid Cap
FORCEMOT,Force Motors,Auto,Small Cap
GLAXO,Glaxosmi. Pharma,Pharma and Health,Mid Cap
GLENMARK,Glenmark Pharma.,Pharma and Health,Mid Cap
GNFC,G N F C,Fertilisers,Small Cap
GODFRYPHLP,Godfrey Phillips,Tobacco,Small Cap
GODREJCP,Godrej Consumer,Personal Care,Large Cap
GODREJIND,Godrej Industrie,Personal Care,Small Cap
GODREJPROP,Godrej Propert.,Construction,Mid Cap
GRANULES,Granules India,Pharma and Health,Small Cap
GRASIM,Grasim Inds,Miscellaneous,Large Cap
GUJENERGY,Gujarat Energy,Petroleum,Mid Cap
HAVELLS,Havells India,Electric Equipment,Large Cap
HCLTECH,HCL Technologies,IT,Large Cap
HDFCAMC,HDFC AMC,Finance,Mid Cap
HDFCBANK,HDFC Bank,Banks,Large Cap
HDFCLIFE,HDFC Life Insur.,Finance,Large Cap
HEIDELBERG,Heidelberg Cem.,Cement,Small Cap
HEROMOTOCO,Hero Motocorp,Auto,Large Cap
HINDALCO,Hindalco Inds.,Metals-NonFerrous,Large Cap
HINDCOPPER,Hindustan Copper,Metals-NonFerrous,Mid Cap
HINDPETRO,H P C L,Petroleum,Large Cap
HINDUNILVR,Hind. Unilever,Personal Care,Large Cap
HINDZINC,Hindustan Zinc,Metals-NonFerrous,Large Cap
HITECHCORP,Hitech Corp.,Packaging,Small Cap
ICICIBANK,ICICI Bank,Banks,Large Cap
ICICIGI,ICICI Lombard,Finance,Mid Cap
ICICIPRULI,ICICI Pru Life,Finance,Mid Cap
IGL,Indraprastha Gas,Chemicals,Large Cap
INDIGO,Interglobe Aviat,Transport,Large Cap
INFY,Infosys,IT,Large Cap
IOC,I O C L,Petroleum,Large Cap
ITC,ITC,Tobacco,Large Cap
ITI,ITI,Telecommuni,Small Cap
JINDALSTEL,Jindal Steel,Iron and Steel,Large Cap
JIOFIN,Jio Financial,Finance,Large Cap
JKCEMENT,J K Cements,Cement,Mid Cap
JKLAKSHMI,JK Lakshmi Cem.,Cement,Small Cap
JKTYRE,JK Tyre & Indust,Tyres,Small Cap
JSWSTEEL,JSW Steel,Iron and Steel,Large Cap
JUBLFOOD,Jubilant Food.,Food Processing,Mid Cap
JUBLPHARMA,Jubilant Pharmo,Pharma and Health,Small Cap
JUSTDIAL,Just Dial,Service,Small Cap
KAJARIACER,Kajaria Ceramics,Construction,Small Cap
KANSAINER,Kansai Nerolac,Paints&Pigments,Small Cap
KOTAKBANK,Kotak Mah. Bank,Banks,Large Cap
LALPATHLAB,Dr Lal Pathlabs,Pharma and Health,Small Cap
LICHSGFIN,LIC Housing Fin.,Finance,Mid Cap
LT,Larsen & Toubro,Construction,Large Cap
LTIM,LTIMindtree,IT,Large Cap
LTTS,L&T Technology,Engineering,Mid Cap
LUPIN,Lupin,Pharma and Health,Mid Cap
LUXIND,Lux Industries,Textiles,Small Cap
M&M,M & M,Auto,Large Cap
M&MFIN,M & M Fin. Serv.,Finance,Mid Cap
MANAPPURAM,Manappuram Fin.,Finance,Small Cap
MARICO,Marico,Personal Care,Mid Cap
MARUTI,Maruti Suzuki,Auto,Large Cap
MCX,Multi Comm. Exc.,Finance,Large Cap
MGL,Mahanagar Gas,Petroleum,Small Cap
MINDACORP,Minda Corp,Auto Ancillaries,Small Cap
MOTHERSON,Samvardh. Mothe.,Auto Ancillaries,Mid Cap
MPHASIS,Mphasis,IT,Mid Cap
MRF,MRF,Tyres,Mid Cap
MUTHOOTFIN,Muthoot Finance,Finance,Mid Cap
NAM-INDIA,Nippon Life Ind.,Finance,Large Cap
NATCOPHARM,Natco Pharma,Pharma and Health,Large Cap
NAUKRI,Info Edg.(India),Miscellaneous,Mid Cap
NAVINFLUOR,Navin Fluo.Intl.,Chemicals,Mid Cap
NBCC,NBCC,Construction,Mid Cap
NCC,NCC,Construction,Small Cap
NELCO,NELCO,Telecommuni,Small Cap
NESTLEIND,Nestle India,Food Processing,Large Cap
NILKAMAL,Nilkamal Ltd,Plastics,Small Cap
NMDC,NMDC,Mining,Mid Cap
OBEROIRLTY,Oberoi Realty,Construction,Mid Cap
ONGC,O N G C,Petroleum,Large Cap
PAGEIND,Page Industries,Textiles,Mid Cap
PARADEEP,Paradeep Phosphates Limited,Fertilisers,Small Cap
PCBL,PCBL Ltd,Tyres,Small Cap
PFC,Power Fin.Corpn.,Finance,Large Cap
PGHH,P & G Hygiene,Personal Care,Large Cap
PIDILITIND,Pidilite Inds.,Chemicals,Large Cap
PLASTIBLEN,Plastiblends (I),Plastics,Mid Cap
POWERGRID,Power Grid Corpn,Power,Large Cap
PVRINOX,PVR Inox,Service,Small Cap
QUESS,Quess Corp,Service,Small Cap
RADICO,Radico Khaitan,Non-alcoholic Beverages,Small Cap
RAMCOCEM,The Ramco Cement,Cement,Mid Cap
RAYMOND,Raymond,Textiles,Small Cap
RAYMONDREL,RAYMOND REALTY,Textiles,Small Cap
RELIANCE,Reliance Industr,Petroleum,Large Cap
RIIL,Rel. Indl. Infra,Service,Small Cap
RPGLIFE,RPG LifeScience.,Pharma and Health,Small Cap
SATIN,Satin Creditcare,Finance,Small Cap
SBILIFE,SBI Life Insuran,Finance,Large Cap
SBIN,St Bk of India,Banks,Large Cap
SHALPAINTS,Shalimar Paints,Paints&Pigments,Small Cap
SHREECEM,Shree Cement,Cement,Mid Cap
SHRIRAMFIN,Shriram Finance,Finance,Large Cap
SIEMENS,Siemens,Engineering,Large Cap
SONATSOFTW,Sonata Software,IT,Small Cap
SRF,SRF,Textiles,Mid Cap
STAR,Strides Pharma,Pharma and Health,Mid Cap
SUBROS,Subros,Auto Ancillaries,Small Cap
SUNDRMFAST,Sundram Fasten.,Auto Ancillaries,Small Cap
SUNPHARMA,Sun Pharma.Inds.,Pharma and Health,Large Cap
SUNTECK,Sunteck Realty,Construction,Mid Cap
SUNTV,Sun TV Network,Service,Small Cap
SYMPHONY,Symphony,Consumer Durables,Mid Cap
SYNGENE,Syngene Intl.,Miscellaneous,Large Cap
TATACHEM,Tata Chemicals,Chemicals,Small Cap
TATACONSUM,Tata Consumer,Tea / Coffee,Large Cap
TATAELXSI,Tata Elxsi,IT,Mid Cap
TATAPOWER,Tata Power Co.,Power,Large Cap
TATASTEEL,Tata Steel,Iron and Steel,Large Cap
TCS,TCS,IT,Large Cap
TECHM,Tech Mahindra,IT,Large Cap
THERMAX,Thermax,Engineering,Mid Cap
TITAN,Titan Company,Gems and Jewellery,Large Cap
TMPV,Tata Motors,Auto,Large Cap
TORNTPHARM,Torrent Pharma.,Pharma and Health,Mid Cap
TORNTPOWER,Torrent Power,Power,Mid Cap
TTKPRESTIG,TTK Prestige,Consumer Durables,Small Cap
TVSMOTOR,TVS Motor Co.,Auto,Large Cap
UJJIVANSFB,Ujjivan Small,Finance,Small Cap
ULTRACEMCO,UltraTech Cem.,Cement,Large Cap
UNIONBANK,Union Bank (I),Banks,Large Cap
UNOMINDA,Uno Minda,Auto Ancillaries,Mid Cap
UPL,UPL,Chemicals,Mid Cap
VGUARD,V-Guard Industri,Electric Equipment,Mid Cap
VINATIORGA,Vinati Organics,Chemicals,Large Cap
VOLTAS,Voltas,Consumer Durables,Mid Cap
WALCHANNAG,Walchan. Inds.,Engineering,Mid Cap
WELCORP,Welspun Corp,Iron and Steel,Small Cap
WHIRLPOOL,Whirlpool India,Consumer Durables,Small Cap
WIPRO,Wipro,IT,Large Cap
YESBANK,Yes Bank,Banks,Mid Cap
ZEEL,Zee Entertainmen,Service,Small Cap
ZYDUSLIFE,Zydus Lifesci.,Pharma and Health,Large Cap
